	ago1.1	ago1.2	deltaN.1	deltaN.2	baseMean	log2FC	lfcSE	stat	p.value	q.value	q.value_BH	ranking
transcript:ATCG00950.1	25509	25943	44163	35899	32866.8665702028	0.375818111914248	0.11534150521082	3.25830767707888	0.0011207881734973	0.0038957610818611	0.0038957610818611	4
transcript:ATCG01180.1	25515	25663	43602	35741	32629.9940825643	0.370261297222836	0.115120553677548	3.21629183837957	0.001298587027287	0.0038957610818611	0.0038957610818611	5
