	WT_AGO1.1	WT_AGO1.2	deltaN.1	deltaN.2	baseMean	log2FC	lfcSE	stat	p.value	q.value	q.value_BH	ranking
transcript:AT2G45685.1	221	262	465	536	364.915044382444	1.02827564195719	0.235346270613611	4.36920304399215	1.24700783149544e-05	0.0036537329462816	0.0161238112612361	3.0
