	WT_AGO1.1	WT_AGO1.2	ago1.1	ago1.2	baseMean	log2FC	lfcSE	stat	p.value	q.value	q.value_BH	ranking
transcript:AT3G57765.1	111	136	77	63	96.7220383582089	-1.40869685499206	0.363713493462568	-3.87309484061537	0.0001074619851499	0.0064477191089991	0.0088118827822988	1.0
