	WT_AGO1.1	WT_AGO1.2	deltaN.1	deltaN.2	baseMean	log2FC	lfcSE	stat	p.value	q.value	q.value_BH	ranking
transcript:AT4G40065.1	123	167	244	340	213.911397145842	0.963737292304508	0.250829556930391	3.84219987508075	0.0001219364722339	0.0145714084319602	0.0229850250161045	2.0
