	WT_AGO1.1	WT_AGO1.2	deltaN.1	deltaN.2	baseMean	log2FC	lfcSE	stat	p.value	q.value	q.value_BH	ranking
gene:AT2G45685	221	262	465	536	365.039323796661	1.01855406424774	0.238061605264895	4.27853144615395	1.8813041491088e-05	0.0035838844040522	0.0243534822102135	4.0
