	ago1.1	ago1.2	deltaN.1	deltaN.2	baseMean	log2FC	lfcSE	stat	p.value	q.value	q.value_BH	ranking
transcript:AT1G09333.1	62	48	123	151	95.4484362224572	1.47583890541298	0.285202954350912	5.1746971162056	2.2828099454228e-07	5.72985296301122e-05	6.55166454336342e-05	1.0
