	WT_AGO1.1	WT_AGO1.2	deltaN.1	deltaN.2	baseMean	log2FC	lfcSE	stat	p.value	q.value	q.value_BH	ranking
gene:AT1G04833	1067	1347	617	408	856.167015977386	-1.24188687467755	0.257046731242828	-4.83136614370857	1.35599370652097e-06	0.0003444224014563	0.0023404451374552	3.0
gene:AT2G36792	1020	1098	502	331	737.759069417601	-1.36058666307235	0.260416631757358	-5.22465348657175	1.74481545511643e-07	0.0001329549376798	0.0009034654426592	1.0
gene:AT2G08965	99	142	30	13	70.591947421446	-2.48192870533305	0.50002719634669	-4.96358742777709	6.92028679608256e-07	0.0002636629269307	0.0017916622515057	2.0
