	ago1.1	ago1.2	deltaN.1	deltaN.2	baseMean	log2FC	lfcSE	stat	p.value	q.value	q.value_BH	ranking
transcript:at5g14545	6	20	55	70	39.2109257648308	2.51551741874578	0.65000106235212	3.87002047295588	0.0001088262140103	0.0060503931718953	0.0134683409648354	2.0
