	WT_AGO1.1	WT_AGO1.2	ago1.1	ago1.2	baseMean	log2FC	lfcSE	stat	p.value	q.value	q.value_BH	ranking
transcript:at1g07867	51	43	137	212	105.391781992885	1.60310369395102	0.401624652034193	3.9915470473026	6.56436619032839e-05	0.0051202056284561	0.0106670950592836	2.0
transcript:at4g04125	733	972	3875	3769	2190.33274861721	1.87021764009068	0.169173521333468	11.0550257826943	2.07277268331328e-28	3.2335253859687097e-26	6.73651122076814e-26	1.0
