	ago1.1	ago1.2	deltaN.1	deltaN.2	baseMean	log2FC	lfcSE	stat	p.value	q.value	q.value_BH	ranking
transcript:at4g04125	3875	3769	1590	1304	2531.85639835137	-1.14520738710866	0.237307669385834	-4.82583386399827	1.39418695043432e-06	0.0002035512947634	0.0004531107588911	1.0
transcript:at5g04415	302	490	126	165	256.585736594988	-1.20367789222012	0.313666823026527	-3.83744088904909	0.0001243231473677	0.0060503931718953	0.0134683409648354	3.0
