	WT_AGO1.1	WT_AGO1.2	deltaN.1	deltaN.2	baseMean	log2FC	lfcSE	stat	p.value	q.value	q.value_BH	ranking
transcript:AT1G04833.1	1067	1347	617	408	853.063846034649	-1.23463926235846	0.251202238659142	-4.91492141530532	8.88180789899416e-07	0.0003903554571607	0.0017226266420099	2.0
transcript:AT2G08965.1	99	142	30	13	70.2317611224634	-2.47428018259326	0.497180002003135	-4.97662853015891	6.47013192578314e-07	0.0003903554571607	0.0017226266420099	1.0
