	WT_AGO1.1	WT_AGO1.2	deltaN.1	deltaN.2	baseMean	log2FC	lfcSE	stat	p.value	q.value	q.value_BH	ranking
transcript:AT2G09735.1	410	399	203	196	303.18088175103	-1.07066534210421	0.222210408723261	-4.81825018123974	1.44822707553251e-06	0.0003461262710522	0.0005459816074757	1.0
